,loss_relu,accuracy_relu,loss_softmax,accuracy_softmax,loss_sigmoid,accuracy_sigmoid,loss_tanh,accuracy_tanh
0,0.37920868396759033,0.8877037167549133,1.8127083778381348,0.3919629752635956,1.7558507919311523,0.37416666746139526,0.37255945801734924,0.8885370492935181
1,0.11765862256288528,0.9646111130714417,0.46153005957603455,0.8677407503128052,0.42970678210258484,0.867888867855072,0.12505124509334564,0.9614074230194092
2,0.08557667583227158,0.9737222194671631,0.3131667971611023,0.9057962894439697,0.2753906548023224,0.9153888821601868,0.09315584599971771,0.9715926051139832
3,0.07037654519081116,0.9784629344940186,0.2584521174430847,0.9225370287895203,0.20892441272735596,0.9354074001312256,0.08391110599040985,0.9746851921081543
4,0.06339087337255478,0.9807592630386353,0.22150444984436035,0.9328518509864807,0.17384716868400574,0.9466111063957214,0.07435737550258636,0.9766481518745422
5,0.056632786989212036,0.9823148250579834,0.19376638531684875,0.9417963027954102,0.15152156352996826,0.9534814953804016,0.06856439262628555,0.9790370464324951
6,0.050985731184482574,0.9842777848243713,0.17488248646259308,0.9466296434402466,0.13501697778701782,0.9582222104072571,0.06362079083919525,0.9801296591758728
